customer_name,product_category,customer_id,customer_city
Alice Johnson,Electronics,101,New York
Bob Smith,Electronics,102,Los Angeles
Charlie Brown,Electronics,103,Chicago
David Lee,Electronics,104,Houston
Eve Wilson,Electronics,105,Phoenix
